{
  "$schema": "https://vega.github.io/schema/vega-lite/v4.json",
  "height": 500,
  "width": 500,
  "title": "COVID-19 Cases per Country (13 Oct 2020)",
  "data": {
    "url": "https://raw.githubusercontent.com/KaneSec/vega_lite/main/4_interactive_scatter_plot/data/COVID_19_10_Oct_2020.csv"
  },
    "params": [
    {
      "name": "Population_Above",

      "value": 0,
      "bind": {"input": "range", "min": 0, "max": 100000000, "step": 1000000}
    }
  ],
  "selection": {
    "continent_selection": {
      "type": "multi", "fields": ["Continent"], "bind": "legend"
    }
  },
  "transform":[
    {"filter": "datum.Active > 0"},
    {"filter": "datum.Deaths > 0"},
    {"filter": "datum.Population > Population_Above"},
    {"calculate": "datum.Confirmed/datum.Population", "as": "Cases per 10,000 Population"}
  ],
  "mark": "point",
  "encoding": {
    "x": {
      "field": "Confirmed",
      "type": "quantitative",
      "title":"Confirmed Cases",
      "axis": {"tickCount": 7},
      "scale": {"type": "log",  "domain":[1, 10000000]}
    },
    "y": {
      "field": "Deaths",
      "type": "quantitative",
      "axis": { "tickCount": 6},
      "scale": {"type": "log", "domain":[1, 1000000]}
    },
    "size": {"field": "Population", "type": "quantitative",  "scale": {"range": [30, 500]}
},
    "fill": {"field": "Continent",  "type": "nominal","scale": {"domain":["North America", "South America", "Europe", "Africa", "Asia", "Oceania"], "range": ["#e41a1c", "#984ea3", "#ff7f00", "#a6cee3", "#377eb8", "#a65628"]}},
    "color": {"field": "Continent", "type": "nominal","scale": {"domain":["North America", "South America", "Europe", "Africa", "Asia", "Oceania"],"range": ["#e41a1c", "#984ea3", "#ff7f00", "#a6cee3", "#377eb8", "#a65628"]}
    },
    "opacity": {
      "condition": {"selection": "continent_selection", "value": 0.8},
      "value": 0.2
    },
    "tooltip": [
      {"field": "Country", "type": "nominal"},
      {"field": "Confirmed", "type": "quantitative", "format": ","},
      {"field": "Active", "type": "quantitative", "format": ","},
      {"field": "Deaths", "type": "quantitative", "format": ","},
      {"field": "Recovered", "type": "quantitative", "format": ","}
    ]

  }
}
