locality,2010,2011,2012,2013,2014,2015,2016,2017,2018,2019,2020,2021
ABBOTSFORD,736000,730000,714000,792500,862500,925000,1187500,1280000,1192500,1050000,1205000,1375000
ABERFELDIE,1046500,994000,852500,947500,1045000,1207500,1300000,1471000,1500000,1390000,1620000,1700000
AINTREE,,,,,,590000,607500,571000,568500,593000,685000,717500
AIREYS INLET,606000,680000,634000,664000,625500,680000,715000,737500,869000,985000,1125000,1522000
AIRPORT WEST,575000,557500,495000,532000,575000,635000,742000,845000,845000,795000,807500,889500
ALBANVALE,320000,317000,310000,313000,328000,345000,439000,526500,546000,512000,540000,579000
ALBERT PARK,1167500,1390000,1265000,1360000,1503000,1700000,1775000,2150000,2070000,1980000,1890000,2390000
ALBION,440000,400000,379500,379000,432000,481000,593000,730000,755000,675000,727500,950000
ALEXANDRA,230000,255000,239000,261000,247500,285000,275000,291500,335000,325000,380000,402500
ALFREDTON,316000,333000,340000,361500,362000,340500,375000,412500,439000,480000,510000,585000
ALLANSFORD,250500,332000,257500,310000,242500,259000,275000,280000,245000,300000,362000,
ALPHINGTON,1000000,985000,1000000,1080000,1029000,1296500,1272500,1560000,1720000,1592500,1857500,2600000
ALTONA,628500,575000,570000,575000,646500,718000,825000,950000,932500,890000,927500,957500
ALTONA EAST,571000,523000,550000,561000,603000,650000,795000,885000,895000,855000,870000,910500
ALTONA MEADOWS,385000,395000,375000,390000,415000,440000,495000,625000,631500,617500,642500,640000
ALTONA NORTH,515000,520000,484000,510000,555000,645000,726000,828000,840000,790000,840000,865000
ANGLESEA,580000,600500,587500,550000,612500,635000,652500,788000,870000,910000,1070000,1200000
APOLLO BAY,442500,495000,432500,450000,457500,435000,480000,545000,555000,600000,710000,862500
ARARAT,174000,169000,165000,180000,200000,210000,204500,200000,199000,215000,244000,286000
ARDEER,382500,360000,342500,330000,360000,381500,517500,595000,629000,572000,615000,658000
ARMADALE,1800000,1615000,1500000,1675000,1750000,2172500,2367500,2300000,2341500,2495000,2575000,2197500
ARMSTRONG CREEK,,205000,362500,467500,441500,440000,450000,471000,535000,535000,555000,597500
ASCOT (GREATER BENDIGO),330000,323500,350000,349500,344500,349000,370000,358000,380000,415500,467500,463000
ASCOT VALE,750000,735000,701500,735000,810000,885000,1010000,1180000,1197500,1088500,1275000,1175000
ASHBURTON,985000,890000,870000,1000000,1200000,1435000,1567500,1812500,1712500,1641500,1590000,1650000
ASHWOOD,760000,749000,681000,775000,888000,1140000,1230000,1359000,1210000,1100000,1250000,1350000
ASPENDALE,637500,630000,610000,620000,690000,795500,891000,1125000,980000,994000,1115000,1150000
ASPENDALE GARDENS,581000,550000,552000,586500,632000,715000,775000,882500,935000,844000,970000,1070000
ATTWOOD,576000,592000,500000,540000,515000,620000,660000,742500,750000,767500,750000,880000
AVENEL,268500,221500,230500,231000,302000,245000,250000,355000,349000,370000,450000,500000
AVOCA,144000,151000,181500,182500,180000,182500,165000,212500,220000,219500,280000,268000
AVONDALE HEIGHTS,576000,538000,536000,532500,560000,650000,750000,845500,830000,810000,840000,841000
AVONSLEIGH,321500,385500,345000,420000,355000,397500,501000,562000,540000,532500,615000,752000
BACCHUS MARSH,305000,330000,325000,335500,348000,355000,376000,415500,480000,500000,518000,555000
BADGER CREEK,295000,295000,295000,315000,325000,345000,379000,465000,500000,498000,550000,626500
BAIRNSDALE,230000,235000,231000,235000,244000,246500,255000,272500,279000,274000,290000,327000
BALACLAVA,916000,793500,717500,860500,942000,1100000,1242500,1385500,1196000,1350000,1395000,1272500
BALCOMBE,655000,718500,686000,712500,737000,871000,950000,1100000,1240000,1125000,1300000,1458000
BALLAN,260000,310000,305000,352000,330000,359000,370000,417000,462000,450000,500000,640000
BALLARAT CENTRAL,280000,320000,313500,322000,327500,353000,385000,430000,447500,515000,560000,652500
BALLARAT EAST,225500,245000,255000,265000,265000,275000,295000,310000,340000,360000,398000,430000
BALLARAT NORTH,272000,275000,280000,296000,312000,315000,339500,346500,389000,415000,423000,542500
BALNARRING,480000,472500,501500,525000,544000,595000,670000,815000,814500,825000,938500,1125000
BALNARRING BEACH,787500,630000,660000,750000,700000,887500,904000,890000,1115000,1275000,1210000,1248500
BALWYN,1450000,1363000,1295000,1530000,1780000,2210000,2180000,2340000,2420000,2392500,2260000,2450000
BALWYN NORTH,1141000,1100000,997500,1240000,1452000,1850000,1800000,1950000,1810000,1722500,1875000,2080000
BANNOCKBURN,342500,378000,351500,370000,405000,393000,382000,430000,487500,530000,555000,635000
BARANDUDA,353000,340000,340000,345000,330000,323000,350000,350000,403500,395000,425000,435000
BARNAWARTHA,169000,220000,222000,245000,220000,305000,245000,312000,280000,312000,345000,359000
BARWON HEADS,615500,607500,632500,742500,715000,775000,842500,916000,965000,1016500,1240000,1525500
BAXTER,317000,320000,315000,330500,325000,340000,403000,530000,542500,530000,567500,565000
BAYSWATER,453500,447500,426500,458500,525000,632500,693000,800500,753000,720000,746500,818000
BAYSWATER NORTH,450000,436000,426500,468500,490000,580000,628000,737500,713000,695000,730000,800500
BEACONSFIELD,460000,505000,511500,486500,525000,559000,585000,694500,730000,685000,717500,862500
BEACONSFIELD UPPER,472000,437500,535000,470000,507500,602500,630000,725500,903500,787500,818000,
BEAUFORT,174500,142500,186000,186000,220000,205000,237500,220000,225000,242500,322000,320000
BEAUMARIS,1107500,1050000,997000,1074000,1129500,1345000,1455000,1611000,1674000,1587500,1705000,1725000
BEECHWORTH,310500,320000,304500,295000,295000,332000,345000,399000,400000,478500,490000,530000
BELGRAVE,380000,375000,390000,410000,426000,482500,545000,620000,676000,636000,680000,717000
BELGRAVE HEIGHTS,425000,382000,399000,430000,480000,590500,624000,687500,701500,685000,737500,740000
BELGRAVE SOUTH,490000,475000,447500,548000,541000,555500,565000,689000,782500,665500,845000,660000
BELL PARK,290000,315000,290500,314000,323500,340000,360000,400000,452500,482000,497500,568000
BELL POST HILL,310000,320000,328000,328000,333500,344500,355000,435000,487000,475000,507000,540000
BELLFIELD (BANYULE),575000,550500,510000,516000,582500,700000,778000,897000,882500,790000,800000,843000
BELMONT,338000,345000,350000,360000,362000,395000,430000,500000,545000,545000,605000,710500
BENALLA,220000,225000,216500,228000,235500,222500,231500,250000,284000,290000,302000,351500
BENDIGO,295000,290000,335000,340000,376500,372000,400000,400000,400000,420000,499000,510000
BENTLEIGH,910000,882000,820000,900000,1050000,1245000,1380000,1470000,1394000,1380000,1505000,1541500
BENTLEIGH EAST,760000,720000,680000,750000,850000,1000500,1115000,1256000,1205000,1200000,1252500,1373500
BERWICK,450000,440000,451000,453000,487500,535000,583000,670000,690500,671000,701500,770000
BEVERIDGE,522500,416500,412500,396000,351500,400000,430000,495000,540000,590000,552000,616000
BIRCHIP,67500,77000,87500,120000,90000,121500,55000,100000,100000,108500,127500,110000
BIRREGURRA,230000,260000,260000,255000,337500,302500,345000,382500,412500,463000,467000,891000
BITTERN,352000,365000,382500,402000,390000,382500,464000,526500,650000,577500,630000,610000
BLACK HILL,263500,292000,265000,283500,321500,300000,315000,370000,405000,492500,491000,595000
BLACK ROCK,1390000,1237500,1175000,1225000,1400000,1545000,1745000,2017500,2029000,1777500,1867500,2450000
BLACKBURN,850000,786000,750000,860500,936000,1200500,1241000,1410000,1370500,1305000,1404000,1481000
BLACKBURN NORTH,659000,617500,609000,692000,790000,921500,1040000,1140500,1038000,1017500,1080000,1302000
BLACKBURN SOUTH,670000,636500,632000,697500,780000,920500,1050000,1200000,1063500,1034000,1101000,1232000
BLACKWOOD,260000,263000,245000,310000,266000,260000,291000,403000,326500,372500,477500,600000
BLAIRGOWRIE,625000,600000,580000,609000,627500,621500,770000,883000,990500,921500,1143500,1400000
BLIND BIGHT,337500,358000,319000,362500,343000,401000,440000,514000,546000,552500,565000,605000
BONBEACH,585000,555000,535000,580000,635000,700000,778000,882500,910000,855000,901500,871500
BONNIE DOON,210000,215000,262500,250000,275000,290000,290000,315000,417500,410000,372500,480000
BONSHAW,,,,,309000,309000,322500,235000,400000,379000,435000,510000
BOOLARRA,178000,209000,190000,196500,260000,212500,202500,255000,250000,247500,255000,310000
BOORT,157000,164000,107000,157500,162500,130000,200500,215000,180000,185000,165000,235000
BORONIA,450000,440000,430000,459500,500500,592500,648500,735000,742500,684000,715000,780000
BOTANIC RIDGE,520000,475000,500000,492000,519000,565000,600000,690000,730000,700000,730000,802500
BOX HILL,874000,975000,852000,855000,1067000,1350000,1360500,1752500,1700000,1536500,1470000,1570000
BOX HILL NORTH,726000,678000,648500,746000,856500,1060000,1146000,1321000,1188000,1200000,1180000,1276000
BOX HILL SOUTH,823000,770000,715000,785000,910000,1153000,1255000,1409000,1285500,1177500,1255000,1252000
BRAYBROOK,460000,443000,396000,424000,479500,550000,629000,665000,728500,645000,679500,707500
BREAKWATER,250000,252500,242500,255000,251500,267500,277500,335000,385000,405000,410000,456500
BRIAGOLONG,205000,225000,215000,226000,200000,215000,265000,257000,264000,315000,270000,411500
BRIAR HILL,580000,545500,540000,572500,633000,680000,721500,833000,880000,823500,881500,911000
BRIGHT,311500,335000,340000,325000,349000,392500,429500,495000,590000,580000,700000,819000
BRIGHTON,1810000,1730000,1789500,1802500,1940000,2302500,2740000,3050000,2888000,2662500,3065000,2842500
BRIGHTON EAST,1255000,1100000,1075000,1230000,1300000,1600000,1750000,1900000,1890000,1700000,1950000,1978500
BROADFORD,248500,260000,268500,291000,267000,270000,287500,330000,396500,417500,452500,510000
BROADMEADOWS,384000,357000,320000,325000,345000,370000,416500,546000,575000,526000,555000,550000
BROOKFIELD,333500,341000,332000,330000,350500,340000,360000,425000,491500,445000,500000,495000
BROOKLYN,486500,485000,470000,491500,540000,602000,700500,834000,695000,672500,670000,820000
BROWN HILL,261000,258500,300000,310000,281500,270000,338000,350000,405000,449000,487500,586500
BRUNSWICK,710000,670000,673000,750000,815000,860500,946000,1200000,1095000,1036500,1100000,1257000
BRUNSWICK EAST,700000,700000,713000,767000,819500,888000,998000,1150000,1170000,1011500,1290000,1535000
BRUNSWICK WEST,728000,701500,685000,745000,790000,866500,1005000,1155000,1160000,1061500,1180000,1245500
BRUTHEN,226000,204000,175000,198000,182500,205000,207000,229500,261000,229000,345000,282500
BULLEEN,728000,722500,707000,780000,861000,1095000,1170000,1300000,1230000,1105000,1178500,1100000
BUNDALONG,390000,500000,385000,337500,336500,372500,425000,373000,462000,515000,712500,652500
BUNDOORA,500000,490000,485000,530000,553500,600500,651000,753000,730000,730000,744000,810000
BUNINYONG,322500,307500,376500,349000,385000,364500,381000,470000,467500,475000,587500,673500
BUNYIP,292500,340000,342500,332500,325000,420000,357500,437500,550000,500500,540000,555000
BURNSIDE,395000,410000,385000,390000,401000,415000,518500,572500,605000,605000,660000,635000
BURNSIDE HEIGHTS,405000,405000,420000,427000,442500,460000,522000,590000,633000,591000,655000,686000
BURWOOD,778000,799000,765000,780000,921000,1190000,1219000,1357000,1320000,1165500,1277500,1392500
BURWOOD EAST,678000,630000,617000,685500,782000,982500,1021000,1126500,1048000,1020000,1050000,1170000
CAIRNLEA,463000,478500,440000,480000,545000,540000,608500,710000,734000,752500,807500,735000
CALIFORNIA GULLY,209500,240000,255000,252500,262000,256500,255000,250000,275000,287000,320000,367000
CAMBERWELL,1345000,1322000,1300000,1382000,1655000,1912500,2090000,2300000,2155000,2085000,2060000,2136000
CAMPBELLFIELD,385000,360000,330000,330000,338000,374500,420000,507000,550000,533000,537500,550000
CAMPBELLS CREEK,316000,340000,343500,382000,345000,387500,426500,380000,460500,500000,540000,623500
CAMPERDOWN,185000,180000,183500,220000,186000,218000,217500,240000,235000,280000,295000,304000
CANADIAN,302500,298000,290500,322500,297000,345000,339000,334500,373000,375000,426000,458000
CANTERBURY,1827500,1730000,1790000,1950000,2100000,2523000,2620000,3140000,2536500,2902500,2700000,2830000
CAPE PATERSON,332500,420000,348000,337000,332000,350000,358000,407500,442000,540000,635500,668000
CAPE SCHANCK,545000,477500,655000,620000,557500,660000,667500,972500,845000,940000,1095500,760000
CAPEL SOUND,355000,375000,330000,350000,366000,390000,445000,542500,550000,520000,580000,684000
CARISBROOK,202000,134500,192500,218500,238500,200000,200000,245000,232500,300000,301500,269500
CARLTON,900000,1055000,860500,1002500,1020000,830000,1050000,1470000,1600000,1308000,1415000,1220000
CARLTON NORTH,930000,833000,940000,890500,1095000,1177500,1360000,1628000,1445000,1555000,1500000,1500000
CARNEGIE,880000,905500,845000,865000,1007500,1300000,1348500,1509000,1445000,1313500,1420000,1548000
CAROLINE SPRINGS,407500,420000,427500,435000,460000,480000,530000,611000,620000,620000,650000,670000
CARRUM,500000,492500,499000,510000,536000,611000,750000,835500,860000,770000,830000,880000
CARRUM DOWNS,330000,345000,334000,330000,346000,370000,430000,525000,575000,537000,576000,629000
CASTERTON,117500,106500,110000,97500,99000,100000,126500,142000,132500,150000,161500,170000
CASTLEMAINE,300000,322500,338000,372500,369500,380000,410000,435000,499000,520000,545000,658500
CAULFIELD,1180000,1150000,1085000,1172500,1322000,1650000,1715000,1914000,1701000,1762500,1811000,1610000
CAULFIELD EAST,866000,760000,750000,845000,1168000,1167500,1300000,1500000,1322500,1375000,1418000,1752500
CAULFIELD NORTH,1420000,1350000,1330000,1415000,1480000,1875000,2181000,2285000,1960000,2112000,2286000,2100000
CAULFIELD SOUTH,1007500,930000,890000,1050000,1200000,1375000,1517500,1690000,1600000,1494500,1750000,1625000
CHADSTONE,670500,625000,595000,719000,823500,925000,1017500,1131000,1050000,958000,1105000,1048000
CHARLEMONT,560000,560000,560000,560000,560000,560000,560000,157000,455000,465000,530000,525000
CHARLTON,125000,117000,123000,120000,131000,179500,160000,136000,150000,147000,149500,162000
CHELSEA,585500,525000,545000,577500,580000,730000,890000,914000,905000,856500,965000,988000
CHELSEA HEIGHTS,445000,454000,440000,465000,513000,598000,641000,750000,778000,750000,802000,940000
CHELTENHAM,696000,644000,635500,695000,775000,866000,940500,1171000,1105000,1035000,1160000,1232500
CHELTENHAM EAST,630000,580000,545000,600000,670000,770000,867500,982500,940000,940000,1001000,1115000
CHELTENHAM NORTH,651000,581500,570000,584000,662000,750000,900000,1025000,925000,913000,922500,999500
CHEWTON,258000,255000,230500,312500,296000,369000,403500,320000,435000,439500,605000,803000
CHILTERN,189000,202000,208000,171500,187500,220000,250000,238500,260000,223500,321000,295000
CHIRNSIDE PARK,449500,464000,435500,450000,490500,542500,627000,735000,700000,680500,770500,805000
CHURCHILL,172000,170000,176500,182000,178500,172500,182000,175000,180000,185000,226000,289000
CLARINDA,530000,530000,475500,525000,606500,682500,751000,866000,802500,815000,854000,1029000
CLAYTON,650500,617000,572500,645000,750000,976000,1010500,1250000,1255000,1150000,1050000,1070000
CLAYTON NORTH,745500,619500,649000,630000,850000,1075000,1100000,1234500,1330000,1377500,1235000,1075000
CLAYTON SOUTH,550500,511000,470500,522500,580000,690000,755000,850000,850000,832000,830000,832000
CLIFTON HILL,825000,780000,801500,865000,965000,1085000,1220000,1390000,1360000,1348000,1375000,1266000
CLIFTON SPRINGS,318000,340000,325000,336000,342000,345000,365000,419000,472000,485000,518500,570000
CLUNES,187500,199000,196500,219000,237500,245000,255000,263000,354000,320000,357500,450000
CLYDE,361500,515000,272500,397000,406000,397000,435000,430000,505000,548000,576500,599500
CLYDE NORTH,,300000,395000,409000,380000,410000,491000,550000,595000,571500,610000,652000
COBBLEBANK,,,400000,335500,323000,318000,328000,374000,455500,480500,510000,516000
COBDEN,220000,200000,186500,162500,145000,178500,177000,263000,225000,237000,271000,315000
COBRAM,212000,207500,221500,218000,230000,236000,265000,255000,255000,272500,300000,335000
COBURG,640000,611000,594000,633000,710000,778000,876000,1000000,969000,935500,1095000,1057500
COBURG EAST,544000,510000,466500,560000,597500,675000,762500,861000,841500,825000,975000,987500
COBURG NORTH,533000,540000,489500,538500,600000,665000,780000,821000,814000,805000,912500,921000
COCKATOO,312000,325000,333500,355000,365000,385500,430000,539500,591000,580000,610000,620000
COHUNA,137000,170000,140000,139000,175000,175000,157500,180000,177500,204000,232500,230000
COLAC,213000,215000,225000,226500,235000,246500,259500,282500,320000,315000,350000,385000
COLDSTREAM,395000,377500,368000,385000,405000,441000,521000,597500,660000,635000,648000,670000
COLERAINE,95000,124000,109500,118000,95000,96000,90000,133000,114000,144000,127000,143500
COLLINGWOOD,751500,697500,734000,741000,775000,914000,920000,1205000,1110000,1060000,1158000,1313000
COOLAROO,315000,304000,278000,290000,290000,302500,340000,451000,480000,441000,477000,490000
COONANS HILL,690000,630000,613500,655000,732000,743000,870000,963000,927000,902500,1055000,1275000
COONGULLA,163000,250000,156000,150000,205000,189000,185000,192000,242000,335000,285000,314500
CORINELLA,325000,282500,290000,330000,270000,370000,325000,391000,450000,357500,505000,575000
CORIO,225000,225000,230000,230000,242000,240000,250000,305000,370000,351500,390000,415500
CORONET BAY,245000,261500,222500,251000,249000,240000,266000,325500,345000,370000,407500,438000
CORRYONG,128000,155000,152500,166500,135000,160000,164000,180000,162500,236000,226500,157500
COWES,400000,384500,380000,385000,357500,412500,400000,440000,541000,560000,587500,699000
COWES WEST,318500,351000,345000,320000,350000,329000,353500,390000,485500,508000,545000,635000
CRAIGIEBURN,365000,360000,350000,360000,362000,390000,425000,502500,547000,525000,567500,573000
CRANBOURNE,327000,325000,313000,315000,331500,360000,406000,510000,540000,500000,520000,575000
CRANBOURNE EAST,353000,368000,370000,390000,410000,437000,460000,535000,574500,567500,583000,620000
CRANBOURNE NORTH,355000,362000,370000,370000,375000,410000,455000,541000,600000,570000,589000,646500
CRANBOURNE SOUTH,,,,,455000,685000,685000,600000,425000,632500,634000,620000
CRANBOURNE WEST,310000,319000,320000,330000,335000,350000,410000,510500,540000,515000,550000,585000
CREMORNE,835000,735000,701000,821000,886500,1030000,1072000,1230000,1420000,1290000,1305000,1695000
CRESWICK,214000,223000,245000,245000,270000,265000,292500,311500,324000,350000,387500,427500
CRIB POINT,347500,330000,350000,355000,339000,350000,402000,502500,555000,527500,580000,581000
CROYDON,465000,465000,450000,470000,525000,605000,695000,810000,792500,735000,787500,815000
CROYDON HILLS,549500,532000,538000,571500,606000,697000,730000,875000,877500,835000,920000,902000
CROYDON NORTH,527500,505500,520000,540500,600000,702500,790500,872000,840000,827500,860500,962000
CROYDON SOUTH,455000,435500,436500,442000,530000,600000,655000,800000,757500,715500,740000,828000
CURLEWIS,,153000,439500,387000,382500,387000,406500,430000,495000,560000,570000,570000
DALLAS,320000,305000,276500,280000,295000,321500,345000,430000,490000,451500,466000,500000
DALYSTON,271000,281500,210000,245000,260000,257000,255000,273500,305000,373000,423000,435500
DANDENONG,430000,400500,400000,405000,439000,485000,555500,619000,640000,601000,625000,680000
DANDENONG NORTH,400000,395000,370000,390000,415500,481000,551000,633500,640000,606500,640000,684000
DARLEY,330000,325000,340500,330500,360000,377500,371500,430000,505000,520000,505000,569500
DAYLESFORD,372500,351500,384500,385000,401500,442500,464000,502000,552500,590000,682500,775000
DEANSIDE,,,,,,,,340000,352500,352500,352500,695000
DEEPDENE,1930000,2046500,1875000,1981000,2215000,2750000,2600000,2862500,2692500,2836000,3150000,4500000
DEER PARK,355000,357000,345000,348000,365000,390000,441000,552500,580000,550000,580000,620000
DELACOMBE,263000,278500,285000,280000,292000,290000,319000,325000,360000,390000,415000,480000
DELAHEY,365000,370000,360000,372500,370000,400000,458000,545000,575000,530000,575000,570000
DENNINGTON,329000,349000,323500,320000,315000,345000,342500,345000,355000,360000,392500,420000
DERRIMUT,395000,418000,410000,417000,435000,466000,530000,635000,615000,649000,658000,661000
DIAMOND CREEK,515000,515000,490000,513000,550000,580000,646500,755000,782500,750500,802000,915000
DIGGERS REST,266500,285000,279000,280000,325000,325000,360000,440500,500000,515000,560000,510000
DIMBOOLA,85500,107500,90000,89000,90500,109500,116000,122500,130000,120000,154000,177500
DINGLEY VILLAGE,553000,540000,515000,553500,607000,690000,775500,887000,840500,810000,930000,972000
DINNER PLAIN,475000,450000,410000,390000,309000,359000,400000,412500,510000,520000,572000,630000
DONALD,135000,165000,104000,140000,120000,125000,145000,122000,145000,136000,140000,151500
DONCASTER,795000,770000,720000,850000,999000,1176000,1297500,1366500,1320000,1260000,1280000,1372000
DONCASTER EAST,750000,720000,682000,789000,894500,1113500,1230000,1360000,1222000,1198000,1250000,1295000
DONNYBROOK,,,,,,,,,530000,540000,627500,575000
DONVALE,715000,712500,681000,735000,840000,964000,970000,1201000,1182500,1140000,1192500,1174000
DOREEN,430000,460000,450000,415000,430000,440000,470500,550000,601000,598000,625000,667500
DOVETON,330000,322000,290000,302000,310500,348000,405000,490000,542500,470000,498000,520000
DROMANA,446500,455000,451000,462000,492000,552000,583000,690000,785500,715000,760000,800000
DROUIN,275500,289000,290000,300000,311000,320000,347000,390000,455000,440000,470000,525000
DRYSDALE,355000,425000,360000,385000,405000,410000,409000,436500,510000,572500,585000,647000
DUNKELD,180000,245000,179000,210000,177500,191500,207500,210000,297500,225000,280000,
DUNOLLY,120000,145000,159000,182500,170000,167500,180000,179000,206500,234500,209500,270000
EAGLE POINT,236000,301500,237000,227000,281500,335000,267500,250000,304500,360000,372000,399500
EAGLEHAWK,226000,240000,260000,264000,274000,283000,270000,295000,315000,321500,360000,380000
EAGLEMONT,1330000,1500000,1343500,1340000,1522500,1730000,1895500,1963000,1955000,1799000,1970000,1920000
EAST BAIRNSDALE,195000,176500,190000,226000,160000,202500,212500,222000,225000,235000,313500,277000
EAST BENDIGO,262500,267000,295000,285000,330000,300000,303500,335000,318000,390000,380000,333500
EAST GEELONG,400000,400000,395000,450000,427000,440000,512500,600000,637000,625000,815000,735000
EAST MELBOURNE,1621000,1737500,2480000,1790000,1850000,2750000,3655000,3585000,2675000,3413500,2350000,3950000
EAST WARBURTON,285000,332500,282500,289500,275000,305000,369000,392500,428500,458000,509000,593500
EASTWOOD,330000,334000,332000,335000,342000,335000,357500,380000,385000,410000,415000,450000
ECHUCA,271000,278000,270000,285000,285000,300000,310000,320000,365000,370000,411000,457000
EDENHOPE,132500,100000,106000,160000,130000,115000,144500,160000,147000,169500,143000,202500
EDITHVALE,616000,590000,625000,615000,670000,766000,930000,1058500,1047500,954000,1005000,1166000
EILDON,190000,180000,185000,210000,205000,208500,210000,225000,258000,251500,285000,380000
ELLIMINYT,335000,260000,323000,332000,313000,318000,364000,366500,385000,445000,465000,522500
ELMORE,182500,188000,160000,184000,176000,200000,220000,162000,227500,235000,235000,255000
ELSTERNWICK,1240000,1200000,1155000,1365000,1315000,1621000,1723500,2087500,1970000,1825000,2101500,2046500
ELTHAM,614000,625000,590500,631500,670000,750000,820000,930000,942500,925000,1000000,1066500
ELTHAM NORTH,621000,627000,580500,622000,680000,758000,850500,900000,930500,930000,1050000,1100000
ELWOOD,1350000,1150000,1287500,1350000,1412500,1631000,1830000,1900000,2140000,1950000,2050000,2137000
EMERALD,433500,415000,410500,440000,449500,502000,545000,660500,730000,660000,730000,820000
ENDEAVOUR HILLS,400000,400000,390000,400000,432000,496500,550000,630500,651000,620000,671000,734000
EPPING,380000,385000,365000,366500,386500,400000,455000,556000,600000,546000,576500,585500
EPSOM,275000,325000,315000,322500,342500,340000,340000,352000,357000,371500,431000,468500
ESSENDON,952000,895000,920000,870000,942000,1228000,1365000,1402000,1682000,1448500,1485000,1485000
ESSENDON NORTH,850000,875500,686000,725000,840000,808000,875000,1100000,1092500,1100000,1108000,1075500
ESSENDON WEST,745000,742500,720000,720000,785000,920000,962500,1296000,1221000,1180000,1287500,1245000
EUMEMMERRING,378000,350000,327500,353000,365000,408500,450500,517500,622000,540000,550000,667500
EUREKA,245000,257500,237000,243500,259000,247500,275000,251500,315500,360000,412500,393000
EUROA,167000,185000,215000,208000,230000,235500,265000,239000,270000,309000,360000,386500
EYNESBURY,295000,360000,400000,390500,390000,403500,459000,484000,550000,555000,600000,605000
FAIRFIELD,810000,800000,825000,915000,945000,1111500,1303000,1496000,1316000,1295000,1395500,1430000
FAIRHAVEN,866000,715000,990000,785000,955000,897500,1052500,880000,1020000,1395000,1478000,1910000
FAWKNER,460000,439000,406500,410000,444000,510000,587500,705000,720000,665000,710000,772000
FERNTREE GULLY,449000,430500,429500,451000,505000,599000,660000,749000,732500,692000,750000,801000
FERNY CREEK,580000,525000,456000,497500,492500,621000,750000,798000,830000,800000,908000,1200000
FINGAL,515000,700000,600000,677500,730000,857500,840000,1000000,1350000,1240000,1312500,1602500
FITZROY,805500,880000,918500,945000,1130000,1297500,1600000,1625000,1450000,1400000,1397500,1390000
FITZROY NORTH,900000,855000,868000,976000,1014000,1188000,1279000,1450000,1475000,1385000,1595000,1360000
FIVEWAYS,318500,290000,343500,355000,315000,380000,417500,525000,542500,485000,528500,635000
FLEMINGTON,670000,655000,652000,735500,730000,830000,918000,1100000,926500,1000000,1035000,1000000
FLINDERS,760000,822000,710000,765000,808000,839000,1225000,1525000,1697500,1670000,2085000,1825000
FLORA HILL,266000,285000,309000,310000,323500,321000,325000,335000,352500,370000,392500,405000
FLOWERDALE,180000,286500,250000,292500,170000,255000,237500,310000,390000,287500,400000,355000
FOOTSCRAY,574000,568000,568000,600000,645000,690500,775000,882000,899000,812000,880000,842000
FOREST HILL,620000,560000,565000,650500,721000,892000,933500,1060000,935000,900000,986000,1062000
FOSTER,265000,265000,269500,298000,315000,325000,315000,320000,335000,330000,387500,367500
FRANKSTON,367000,357000,340000,350000,372000,426000,474000,600000,605000,581000,621500,660000
FRANKSTON NORTH,280000,277000,245000,255000,269000,297000,352000,470000,502000,423000,450000,530000
FRANKSTON SOUTH,530000,533500,510000,535000,560000,620000,690000,815500,855000,817500,860000,834000
FRASER RISE,,,634500,455000,490000,465000,483000,540000,615000,595000,625000,640000
FYANSFORD,,425000,310000,386500,478000,688000,592500,610000,650000,660000,800500,750000
GARDEN CITY,1062500,912500,965000,1055000,1055000,1320000,1440000,1650000,1507500,1375000,1602500,2672500
GARDENVALE,1200000,1133000,956000,1150000,1180000,1348000,1857500,1880000,1830000,1740000,1900000,
GARFIELD,342500,345000,335000,405000,355000,370000,405000,414500,540000,518000,590000,530000
GEELONG,465000,475000,463000,500000,512000,607500,590000,735000,750000,720000,902000,905000
GEELONG WEST,385000,405000,410000,440000,469000,490000,543500,650000,713000,675000,749000,825000
GEMBROOK,340000,385000,349000,344000,400000,440000,525000,565000,610000,650000,680000,710000
GISBORNE,399000,430000,429500,496000,510000,550000,635000,655000,770000,730000,810000,870000
GLADSTONE PARK,426500,385000,380000,392500,400000,460000,525000,645000,630000,636500,640000,700000
GLEN HUNTLY,919000,805000,792500,977500,1135000,1350000,1330000,1415000,1225000,1380000,1295000,904500
GLEN IRIS,1320000,1200000,1200000,1310000,1500000,1800000,1935000,2025000,1927500,1961000,2125000,2135000
GLEN WAVERLEY,735000,718000,720000,815000,960000,1212500,1221000,1337500,1300000,1285500,1295000,1400000
GLENROWAN,286000,290000,246000,230000,239000,225000,272500,300000,265000,372500,375000,
GLENROY,508500,457500,437500,454000,500000,560000,600000,730000,725000,700000,740000,790000
GOLDEN BEACH,150000,229000,206000,169500,172500,180000,212500,209500,225500,220000,260000,297500
GOLDEN POINT (BALLARAT),250000,258000,250000,265000,265000,259000,295000,305000,347500,370000,437500,445000
GOLDEN SQUARE,262000,270000,285000,295000,305000,306000,315000,320000,334000,340000,375000,456000
GORDON,270000,300000,229500,278500,303000,290000,330000,404000,402500,495000,618000,750000
GOUGHS BAY,193000,180000,220000,257500,247500,265000,235000,257500,345500,299500,360000,389000
GOWANBRAE,535000,555500,467500,616500,557500,573000,619000,790000,727500,700500,690500,847500
GRANTVILLE,260000,235000,245000,215000,255000,250000,272500,339500,402500,397500,440000,500000
GREEN LAKE,230000,247500,250000,262500,254500,281500,305000,280000,270000,290000,360000,354000
GREENSBOROUGH,530000,519000,491000,534000,574000,635000,717000,830000,815000,798000,850000,870500
GREENVALE,517500,545000,537000,550000,539500,500000,510000,650000,720000,715000,718500,748500
GROVEDALE,335000,345000,340000,352000,362000,370000,400000,432000,495000,505000,550000,590500
HADFIELD,530000,486000,430000,461500,500000,550000,624500,740500,741500,730000,745000,782500
HALLAM,365000,360000,360000,362500,380000,424000,458500,580000,630000,550000,600000,665000
HALLS GAP,257500,255000,233500,184500,224500,245000,272500,280000,355000,320000,350000,437000
HAMILTON,203500,217500,189000,192500,200000,200000,217000,190000,225000,209500,252500,318500
HAMLYN HEIGHTS,345000,348000,339500,363500,366500,382500,415000,500000,545000,540000,561000,662500
HAMPTON,1295000,1282500,1200000,1270000,1340000,1650000,1800000,2022500,1905000,1900000,2000000,2225000
HAMPTON EAST,813000,747500,732500,770000,862500,1020000,1200000,1340000,1230000,1211500,1290500,1395000
HAMPTON PARK,333000,335000,320000,330000,337500,370000,410000,505000,550000,502000,539000,598000
HARCOURT,350000,268000,287500,309000,358000,295000,377500,385000,375000,420000,527500,465000
HARKNESS,310000,336500,329000,330000,340000,350000,360000,419500,485000,475000,490000,514500
HASTINGS,355000,350000,347000,345000,368000,365000,400000,507500,519500,506000,562000,606000
HASTINGS WEST,265000,272000,282500,280000,277000,289500,338000,425000,480000,430000,487500,475000
HAWTHORN,1430000,1330000,1405000,1575000,1606500,1916500,2245000,2650000,2506500,2200000,2492500,2750000
HAWTHORN EAST,1400000,1250500,1300000,1247500,1554000,1850000,1890000,2350000,2221500,2137500,2297500,2135500
HEALESVILLE,361500,380000,380000,385500,400000,447500,457000,550000,601000,580000,600000,655000
HEATHCOTE,217000,200000,220000,227500,260000,240000,268500,275000,310000,335000,372500,375000
HEATHERTON,625000,632000,630000,630000,712000,771000,845000,981000,935000,965000,973000,1065500
HEATHMONT,539500,509000,525000,589000,638000,760000,789000,925000,932000,871000,930000,1035500
HEIDELBERG,815000,770000,750000,772500,840500,1060000,1150000,1280000,1114000,1107500,1300000,1220000
HEIDELBERG HEIGHTS,560000,537500,500000,536500,564500,676500,750000,846000,820000,780000,800000,939500
HEIDELBERG WEST,475000,420000,400000,425500,461000,580000,630000,730500,700000,671500,713000,700000
HEPBURN,317000,310000,275000,291000,330000,395000,375000,440000,425000,452500,535000,610000
HEPBURN SPRINGS,298000,308000,310000,340000,350000,380000,414000,515000,490000,595000,570000,670000
HERNE HILL,321000,325000,321000,350000,357000,368500,402000,490000,550000,534000,600000,650000
HEYFIELD,155000,175000,171500,200000,180000,182500,195000,178500,206500,195000,230000,285000
HEYWOOD,172000,167500,153000,142000,150000,173000,160000,164000,166000,178000,185000,236000
HIGHETT,760000,711000,682500,750000,850000,992500,1175000,1318500,1275000,1234000,1312500,1303500
HIGHTON,437000,450000,460000,477500,510000,505000,555000,622500,681000,690000,742500,842500
HILLSIDE (MELTON),420000,415000,425000,430000,440000,470000,525500,620000,645000,642000,680000,695000
HOPETOUN,63000,55500,81000,88000,95500,75000,80000,92000,86000,66000,150000,144500
HOPPERS CROSSING,327500,328000,312500,321500,340000,365500,415000,516000,552000,526500,550000,545000
HORSHAM,187000,210000,220000,215000,215000,240000,245000,262500,255000,269000,260000,329500
HUGHESDALE,838000,740000,741500,820000,856000,1165000,1222500,1407000,1260000,1150500,1250000,1320000
HUNTINGDALE,642500,610000,590000,659000,728000,835000,924500,1132000,1010000,914000,1067500,1286000
HUNTLY,269500,250000,215000,337500,325000,355000,340000,335000,357500,367500,388000,460000
HURSTBRIDGE,491000,457500,445000,482000,482000,547500,614500,714000,731000,700000,775000,875000
INDENTED HEAD,360000,347000,430000,390000,385000,382500,395000,455000,575500,606000,590000,665000
INGLEWOOD,170000,208500,186500,160000,145000,200000,152500,182500,180000,185000,212000,317500
INVERLOCH,422500,450000,420000,431000,440000,425000,442500,495000,598000,590000,665000,805000
INVERMAY PARK,337500,363500,370000,378000,387000,405000,377500,391000,465000,475000,485000,667500
IRONBARK,232000,287000,280000,277000,280000,292500,365000,280000,320000,304000,438500,468000
IRYMPLE,213500,228000,215000,248000,228500,268000,255000,291000,310000,386500,352000,423500
IVANHOE,1032500,980000,907500,1100000,1203000,1125000,1400000,1515000,1600000,1580000,1630000,1665000
IVANHOE EAST,1415000,1300000,1200000,1310000,1513000,1542500,1764500,1975000,1914000,1775000,2055000,2502500
JACANA,391000,345000,310500,334000,342500,375000,423000,571500,555000,512500,555000,570000
JACKASS FLAT,275000,255000,357500,287500,360000,350500,345500,299000,310000,331500,401000,441000
JAN JUC,542500,587500,570000,555000,595000,615000,716000,850000,905000,870000,961000,1465000
JEERALANG NORTH,152000,129000,159500,145500,187500,175000,140000,248000,170000,235000,241000,262000
JEPARIT,66000,101500,59000,80500,63000,89000,124000,66500,77000,81000,110000,105000
JUNCTION VILLAGE,314500,287500,300000,312000,320000,370000,389000,436000,509000,483500,515000,625000
JUNORTOUN,420000,425000,465000,490000,508500,417500,490000,512500,506500,530000,599000,655000
KALIMNA,265000,312500,268000,230000,285000,300000,270000,276500,326500,292500,350000,330000
KALKALLO,215000,375000,272500,450000,450000,180000,432500,529500,548000,538000,555000,590000
KALLISTA,450000,482000,452500,425000,465000,523000,567500,676000,737500,700000,707500,785000
KALORAMA,440000,440000,420000,442500,451000,496000,533000,670000,686500,645000,697500,851500
KANGAROO FLAT,252000,270000,284500,292500,300000,303000,300000,310000,325000,340000,380000,381500
KANGAROO GROUND SOUTH,679500,606500,631000,615000,655000,650000,670000,853500,930000,815500,970000,1066500
KANIVA,94000,90000,87000,75000,87500,100000,120000,157500,164000,169500,115000,168000
KEALBA,385500,372500,375000,370000,390000,400000,470000,595000,612000,596000,600000,640000
KEILOR,603000,570000,592500,572500,633000,703000,805000,845000,815000,836500,880000,790000
KEILOR DOWNS,423000,405000,400000,403500,429000,496500,562000,670000,666000,630000,662000,731500
KEILOR EAST,580000,587500,527500,560000,599000,651000,720000,843000,830000,835000,841000,908500
KEILOR LODGE,460000,520000,480000,490000,500000,555500,607500,760000,715000,740000,757500,838000
KEILOR PARK,514500,501000,480000,455000,512500,565000,650000,741000,770000,704000,735000,809000
KENNINGTON,295000,306000,300000,351500,345000,334000,355000,372000,383500,373500,426500,490000
KENSINGTON,675500,650000,650000,690000,730000,822000,908000,1019000,1020000,978000,1103500,990000
KERANG,147500,150000,150000,152000,145000,152000,167000,160000,177000,170000,197000,235000
KEW,1650000,1650000,1500000,1751000,1950000,2080000,2207500,2320000,2380000,2345000,2210000,2819500
KEW EAST,1085000,1056000,1005000,1210000,1314000,1600000,1655000,1876000,1800000,1837000,1785000,1770000
KEW NORTH,1174000,1071000,995500,1260000,1301000,1665000,1805000,1880000,1767500,1833000,1805000,2136000
KEYSBOROUGH,417500,430000,425000,435000,456500,559500,650000,730000,756000,740000,765500,815000
KIALLA,335000,360000,318500,360000,365000,367500,374000,390000,418000,450000,473500,502500
KILCUNDA,350000,330000,350000,375000,320000,400000,480000,504000,496000,533000,670000,677000
KILLARA (WODONGA),,,116500,351000,346000,360000,425000,400000,420000,453500,447500,469000
KILMORE,327500,325000,312000,327500,319000,336500,333000,387500,440000,435000,475000,513500
KILSYTH,432500,430000,415000,435000,460000,548500,620000,699000,685500,645000,680000,700000
KILSYTH SOUTH,515500,520000,501000,542500,575000,676000,738000,845000,826000,780500,865000,880000
KINGLAKE,280000,306500,310000,330000,318000,340000,346000,458000,480000,555000,600000,650000
KINGS PARK,340000,330000,324000,315000,325000,355000,415000,532500,550000,510000,550000,570500
KINGSBURY,519000,475000,437500,470000,502500,560000,610000,731000,730000,660000,732500,790000
KINGSVILLE,630000,599500,597500,635000,703500,785000,925000,1020000,990000,1010000,988500,1177500
KNOXFIELD,471000,480000,465000,500000,580000,681000,740000,870000,815000,760000,810000,884500
KOO WEE RUP,297000,334500,320000,315000,335000,345000,400000,450000,508500,550000,535000,599000
KOONDROOK,239500,150000,165000,147500,155000,198500,165000,247500,268000,212500,234500,277500
KOOYONG,2150500,1510500,1820000,1417500,2900000,3400000,2762500,3950000,2630000,3585000,3625000,
KOROIT,236000,266000,290000,275000,300000,296000,294000,325000,349000,345000,395000,625000
KORUMBURRA,234000,237500,240000,236000,222500,262500,257500,292000,317500,319500,379000,485000
KURUNJANG,288000,300000,281000,287000,280000,289500,310000,370000,435000,420000,431000,440000
KYABRAM,209500,200000,217500,237000,235000,240000,234000,239000,261000,263000,280000,290000
KYNETON,330000,370000,370000,369000,400000,425500,455000,495000,550000,595000,614000,655000
LAKE BOGA,187000,212500,200000,200000,143500,245000,222500,182500,232500,239000,230000,222500
LAKE GARDENS,387000,400500,385000,445000,445000,461000,485000,461500,575000,552500,624000,635000
LAKE TYERS BEACH,286000,285000,274000,270000,354000,330000,268500,362500,300000,357500,375000,479000
LAKE WENDOUREE,550000,627500,545000,634000,650000,685000,700000,790000,775000,850000,1000000,860000
LAKES ENTRANCE,256500,300000,251500,269500,254000,255500,280000,281500,328000,300000,350000,380000
LALOR,387000,380000,360500,365000,385000,445000,499500,625500,623500,590000,623500,670000
LANCEFIELD,281000,321000,315000,377500,362000,360000,360000,415000,456000,500000,540000,562500
LANG LANG,260000,310000,277500,285000,295000,316500,355000,390000,475000,495000,540000,555000
LANGWARRIN,395000,387500,375000,385000,420000,450000,503000,600000,642500,617000,660000,697500
LARA,325000,327500,335000,350000,340000,348000,355000,430000,515000,495000,535000,698500
LARA LAKE,340000,355000,355000,363500,398000,375000,395000,450500,525000,535500,575000,600000
LAUNCHING PLACE,355000,343500,340000,330000,337500,366000,435000,490000,531000,554000,572500,694000
LAVERTON,352000,340000,320000,325000,358000,377500,429000,535000,579000,529000,560000,575000
LAVERTON SOUTH,410000,400000,390500,391500,422500,450000,528500,610500,646000,622500,647500,674000
LEITCHVILLE,112500,67500,145000,98000,67500,100000,126500,100000,109500,106000,123500,197500
LENEVA,394000,362000,382000,361500,372500,370500,376000,397500,387500,426000,477500,552500
LEONGATHA,285000,282500,289000,300000,295500,305000,305000,320000,360000,368500,420000,457500
LEOPOLD,346000,340000,350000,360000,366500,365000,407000,447000,500500,510000,535000,568500
LILYDALE,438500,456000,420000,469000,480000,534000,633500,710500,706500,676000,720000,820000
LINTON,152500,168500,187500,163500,208000,152000,202500,255000,236500,256500,337500,
LISMORE,110000,145000,132500,110000,109000,115000,141500,155000,132500,144500,220000,180000
LOCH SPORT,170000,165000,165000,166000,153500,145000,178000,182000,230000,244000,247000,300500
LONG GULLY,210000,220000,220000,230000,255000,244000,240000,256000,269000,280000,299500,344000
LONGWARRY,262500,275000,286500,289500,297500,307000,334000,377000,403000,406000,427500,480500
LORNE,800000,840000,800000,840000,815000,895000,765000,1150000,1275000,1295000,1460000,1650000
LOVELY BANKS,365000,385500,402000,360500,406500,388500,470000,460000,525000,570000,563500,630000
LOWER PLENTY,650000,587500,615000,680500,675000,770000,900000,980000,1055000,950000,905000,961000
LUCAS,,,292500,348000,355000,389000,345000,349500,395000,431000,465000,540000
LUCKNOW,234000,247500,200000,235000,229000,230000,244500,261500,280000,275000,314500,302500
LYNBROOK,412000,424500,415000,430000,460000,500000,542500,595000,640000,623000,660000,680000
LYNDHURST,435000,440500,450000,465000,482500,550000,585000,625000,695000,665500,701500,810000
LYSTERFIELD,640000,642500,643500,681500,670000,780000,857500,995500,976500,956500,1009500,839500
MACEDON,473000,434500,525000,490000,460000,532500,585000,696000,815000,800000,883000,907500
MACLEOD,645000,600000,555000,647500,705000,755000,868000,950000,922500,922500,970000,1125000
MADDINGLEY,292500,300000,308000,316500,320000,332500,346000,395000,442000,460000,520000,555000
MAFFRA,230500,230000,235000,229000,215000,230000,258000,251500,261500,255000,315000,320000
MAIDEN GULLY,385000,408500,422500,440000,415000,430000,477000,471000,495500,514000,585000,582500
MAIDSTONE,563500,540000,499000,535000,587500,630000,695000,825000,798500,790000,780000,791000
MALDON,280000,267500,272500,315000,325000,339000,395000,426500,420000,510000,545000,546500
MALLACOOTA,300000,263000,267500,285000,285000,288500,322500,345000,280000,406500,407500,510000
MALMSBURY,314000,300000,332500,292500,317500,397500,344000,447000,462000,475000,470000,695000
MALVERN,1741500,1542500,1550000,1508500,1946000,2230000,2328500,2750000,2661000,2570000,2748000,2317500
MALVERN EAST,1188000,1120000,1039000,1200000,1380000,1610000,1729000,1824000,1900000,1789000,1865000,1795000
MANIFOLD HEIGHTS,401000,449000,425000,532500,489000,489500,620000,721500,785500,715000,815000,820000
MANOR LAKES,348500,360000,345000,340500,360000,385000,417500,490000,526000,533000,570000,570500
MANSFIELD,280000,301500,315000,364000,347000,367500,359000,385000,430000,450000,510000,555000
MARIBYRNONG,705000,645000,646000,714000,750500,837500,940000,1056000,1028500,961500,935000,1030000
MARONG,257500,285000,312500,310000,345000,364000,330000,348000,365000,420000,465000,395000
MARSHALL,367500,322500,365000,360000,382500,377000,400000,430000,468000,486500,510000,535000
MARYBOROUGH,160000,180000,184000,194000,200000,192500,206500,194000,229500,236000,267000,315000
MARYSVILLE,340000,395500,145000,180000,125000,320000,332500,383000,477500,462500,465000,670000
MCCRAE,560000,623000,555000,530000,535000,597500,689000,775000,847500,795000,952500,1142500
MCKENZIE HILL,350000,394000,465000,397000,140000,429500,475000,471500,495000,536500,544500,625000
MCKINNON,970000,925000,944000,1025000,1220000,1500000,1657500,1720000,1555000,1516000,1680000,1740500
MCLOUGHLINS BEACH,149000,152500,151500,145500,169500,145000,180000,110000,191000,210000,205000,215000
MEADOW HEIGHTS,345000,321500,315000,317000,322500,350500,370000,451000,510000,474000,499000,540500
MEENIYAN,180000,230000,216500,199000,223500,242500,270000,244500,292500,424500,349500,
MELTON,250000,256000,250000,245000,240000,255000,280500,368500,415000,385000,390000,410000
MELTON SOUTH,248500,247000,230000,230000,238000,260000,276000,377000,417000,390000,425000,435000
MELTON WEST,285000,300000,283000,285500,290000,295000,330000,409000,453000,428000,470000,487500
MENTONE,680000,692500,665000,705000,810000,950000,982500,1097500,1080000,1031000,1051000,974500
MERBEIN,161000,157000,142500,140500,167000,180000,170000,183500,180000,210000,200000,205000
MERINDA PARK,300000,307500,285000,310000,310000,345000,385000,471500,523000,476000,527500,562500
MERNDA,390000,397000,374500,375000,370000,410000,430000,525500,573500,552000,570500,612000
MERRIJIG (MANSFIELD),287500,342500,272500,332500,390000,292500,344000,420000,461000,422500,619000,
METUNG,302000,267500,350000,337500,287500,299000,360000,347500,371500,440000,450000,407500
MICKLEHAM,,,,213000,168000,385000,437000,500000,520000,525000,569000,595000
MIDDLE PARK,1512500,1345000,1420500,1587500,2125000,2317000,2238500,2370000,2685000,2775000,2652500,3675000
MILDURA,220000,222000,225000,225500,245000,252000,260000,264000,281500,310000,336000,350000
MILL PARK,420000,410000,405000,408000,430500,480000,560000,668500,657000,653000,690000,717500
MILLGROVE,234000,235000,235000,245000,260000,275000,293500,343000,411000,415000,425000,479000
MINERS REST,320000,339000,325000,330000,327500,335000,334000,370000,400000,427500,440000,441500
MINYIP,85000,82500,81000,73500,95000,93000,82500,94000,81000,114500,75000,95000
MIRBOO NORTH,244000,257000,252000,265000,250000,262000,275000,264000,307500,327500,375000,408000
MITCHAM,635000,595000,584500,650000,730000,885500,941000,1070000,1000000,942000,1065000,1205000
MITCHELL PARK,257000,247500,270000,267000,267500,260000,259000,263000,304500,313000,330000,355000
MOE,150000,165000,165000,155000,170000,162500,173000,175000,200000,210000,250000,277000
MONBULK,420000,392500,380000,395000,425000,471500,521500,608000,650000,630000,650000,775500
MONT ALBERT,1310000,1310000,1177500,1316000,1490000,1863000,1921000,2100000,1990000,1690000,2200000,1988000
MONT ALBERT NORTH,965000,850500,780000,995000,1100000,1400000,1490000,1565000,1460000,1380000,1400000,1350000
MONTMORENCY,580000,560000,561000,570000,614000,732000,780500,890000,926000,856000,916500,910000
MONTROSE,440000,435000,426000,445000,476500,559000,625000,700500,737500,707500,728000,762500
MOONEE PONDS,852500,780500,775000,830500,920000,1006000,1110500,1310000,1360000,1300000,1290000,1411000
MOORABBIN,710000,657000,631000,682000,768000,855000,980000,1160000,1130000,1065000,1075000,1219500
MOOROOLBARK,445000,435000,425000,440000,465000,558500,620000,726000,720000,670000,720500,750000
MOOROOPNA,222000,215000,217500,207500,215000,230000,215500,225000,230000,247500,265000,267500
MORDIALLOC,650000,660000,642500,680000,755000,850000,933000,1120000,1046500,1017500,1045000,1088000
MORNINGTON,512000,525000,501500,525000,558000,641000,745000,800000,850000,807000,890000,950000
MORTLAKE,150000,146000,152000,129500,152500,120000,152000,170000,165000,164000,220000,273000
MORWELL,152500,158500,150500,160000,150000,150000,153000,170000,167000,179000,200500,225000
MOUNT BEAUTY,195000,173000,140000,180000,200000,189500,183000,258000,267500,294000,317000,418000
MOUNT CLEAR,265000,287000,305000,286000,288000,322500,345000,345000,379000,396500,413000,515000
MOUNT DANDENONG,476000,447500,476500,450000,610000,612500,641000,847000,647500,690000,791000,803500
MOUNT DUNEED,267000,190000,480000,286000,532000,545000,425000,500000,555000,557000,595000,594500
MOUNT ELIZA,732000,725000,680000,750000,777500,832000,950000,1137500,1222500,1180000,1301500,1560000
MOUNT EVELYN,390500,400000,393000,406000,428500,493500,551000,640000,671500,636000,710000,741000
MOUNT HELEN,311000,355000,325000,344000,368000,342000,355000,376000,420000,417000,470000,700000
MOUNT MACEDON,520000,512500,543000,662500,600000,635000,750000,665000,859000,775000,1043000,610000
MOUNT MARTHA,705500,690000,715500,727500,745000,785000,965000,1050000,1202500,1262500,1400500,1777500
MOUNT PLEASANT,239000,248500,259000,276500,269500,293500,297500,293000,350000,377500,412500,410000
MOUNT WAVERLEY,806000,745000,733000,820000,950000,1268000,1265000,1416000,1320000,1270000,1296500,1440000
MULGRAVE,550000,531000,533000,577500,627000,765500,786000,900500,860000,840000,834500,930000
MURCHISON,175000,165000,183000,186000,155000,165000,187000,254500,225000,244500,291500,425000
MURRUMBEENA,835000,822000,785000,870000,982500,1204000,1286000,1420000,1350000,1243000,1410500,1512500
MURTOA,85000,133000,108500,95000,110000,91000,97500,115000,110000,119000,136500,128000
MYRTLEFORD,179000,219000,220000,220000,245000,242000,270500,265000,295000,325000,382500,425000
NAGAMBIE,351500,248000,255000,312500,378000,360500,336000,330000,385000,414000,460000,530000
NARRE WARREN,368500,365000,356000,370000,386000,430000,486500,590000,614000,589000,610000,644500
NARRE WARREN NORTH,690000,726500,660000,685000,822500,773000,900000,1108000,1180000,1100000,1167500,1275000
NARRE WARREN SOUTH,405000,405000,405000,410000,440000,476000,530000,620000,636500,625000,660000,700000
NATHALIA,155000,150000,205000,165000,190500,178000,185000,232500,210000,229000,250000,313500
NEERIM SOUTH,240000,260000,265000,340000,336500,280000,330000,320000,406500,413000,487000,537500
NELSON,266500,240000,205000,224000,203500,257500,220000,249500,255000,247500,210000,270000
NERRINA,381000,387000,467500,455000,482500,522500,517500,570000,575000,617500,635000,602500
NEW GISBORNE,465000,492000,475000,500000,510000,498000,545000,625000,757500,695000,721500,732500
NEWBOROUGH,192500,187000,213500,213000,215000,220000,224500,220000,250000,255000,290000,350000
NEWCOMB,280000,275000,275000,280000,292000,290500,310000,375000,453500,435000,476000,510000
NEWINGTON,290500,290000,300000,320000,341000,345000,372500,422500,465000,490000,735000,742500
NEWLANDS ARM,300000,332000,325000,320000,302000,332500,380000,380000,367500,443000,470000,619000
NEWPORT,655000,680000,630000,695000,740000,825000,950000,1080000,1059000,1055000,1100000,1150000
NEWSTEAD,237500,243000,252000,300000,297500,365000,362000,420000,318500,436000,470000,475000
NEWTOWN (GREATER GEELONG),559500,533000,527500,570000,620000,642500,712500,780000,843000,832000,945000,925000
NHILL,101500,107000,110000,110000,125000,128000,140000,126500,149000,137000,158500,135000
NICHOLS POINT,217500,311500,232000,316500,304000,370000,396000,346000,470000,430000,475000,540000
NIDDRIE,740000,742500,666000,700000,747500,832500,910000,1095000,1070000,1070000,975000,1000000
NOBLE PARK,415000,410000,382000,400000,440000,510000,600000,680000,680000,625500,674000,731000
NOBLE PARK NORTH,415000,395000,370000,383000,420000,491500,563000,640000,660000,610000,655500,710000
NORLANE,190500,203000,206500,202500,215000,216000,236500,290000,355000,350000,372000,417500
NORTH BENDIGO,218000,230000,267000,271000,280000,286000,279000,302000,310000,325000,375000,392500
NORTH GEELONG,304000,292500,286500,277000,301000,335000,338500,422000,495000,500000,551000,650000
NORTH MELBOURNE,805000,750000,775000,802500,832000,926000,1200000,1390000,1182500,1352500,1135000,1300500
NORTH WONTHAGGI,285000,284000,256000,230000,268500,274500,259500,294000,369000,389000,417000,446000
NORTHCOTE,822000,780000,786000,818000,935000,1008500,1190000,1325000,1345000,1303500,1413000,1459500
NOTTING HILL,563000,525500,547000,566500,660000,780000,872500,993000,957500,880000,940000,850000
NUMURKAH,178000,190500,200500,195000,215000,219000,195000,219000,225000,250000,238000,315000
NUNAWADING,641000,585000,591500,637500,721500,880000,970000,1090000,986000,951000,1039000,1000000
NYAH WEST,97500,70000,116500,94000,107500,146500,130000,133500,136000,85000,129000,150000
NYORA,237500,216500,225000,222500,265000,245000,300000,260000,340000,370000,530000,710000
OAK PARK,641000,590000,540000,576500,626000,660000,822500,853500,878500,840000,903000,960000
OAKLEIGH,741000,700000,645000,753500,801500,1002000,1050000,1210000,1250000,1101000,1200000,1696000
OAKLEIGH EAST,675000,640000,610000,672000,820000,995000,983000,1195000,992500,950000,986000,1000000
OAKLEIGH SOUTH,630000,615000,590000,603000,700000,830000,890000,1030000,960000,910500,980000,1129000
OCEAN GROVE,427500,479000,465000,459000,515000,516500,555000,637000,691000,695000,782000,862500
OFFICER,385000,396000,429000,342000,339000,375000,440000,480000,548000,545500,590000,635000
OFFICER SOUTH,,,,,,,,283000,569500,714000,770000,535000
OLINDA,452500,520000,445000,496000,520000,553500,620000,705000,760000,746500,757500,1050000
OMEO,179000,162500,170000,210000,190000,212500,150000,183000,183500,250000,238000,270000
ORBOST,181000,151500,150000,156000,150000,145000,162500,159000,165000,185500,220000,232500
ORMOND,970000,912500,857500,997500,1187500,1300000,1550000,1604500,1600000,1475000,1590000,1647000
OSBORNE,469000,488500,507500,530000,540500,580000,640000,735000,757000,777500,851500,925000
OUYEN,103000,110000,116500,75000,77500,105500,130000,130000,93000,99000,121000,123000
PAKENHAM,335000,340000,335000,335000,350000,367000,400000,470000,520000,486000,526000,575000
PARADISE BEACH,152500,159500,212500,163500,178000,188500,200000,180000,199000,200000,248000,301000
PARK ORCHARDS,945000,942500,953000,952500,1103000,1225000,1335000,1450000,1480000,1510000,1515000,1800500
PARKDALE,755000,755500,677000,760000,860000,965000,1100000,1300000,1245000,1157500,1200000,1365000
PARKVILLE,1335000,1100000,1360000,1200000,1525000,1360500,2130000,2375000,2430000,1480000,1725000,1546000
PASCOE VALE,609000,575000,540000,580000,655000,720000,805000,891000,901000,855000,930000,1000000
PASCOE VALE SOUTH,655000,612500,627500,645500,701000,745000,840000,975000,955000,950000,1006000,1212500
PATTERSON GARDENS,582500,605000,610000,620000,672000,739000,812000,885000,890000,920000,970000,1145000
PATTERSON LAKES,621000,625000,730000,645000,734000,787500,810000,1021500,1025000,925000,1100000,1317000
PAYNESVILLE,290000,323500,290000,283000,300000,302500,308000,335000,353000,340000,392500,399000
PEARCEDALE,390000,405000,425000,385000,445000,470000,534000,607000,660000,660000,665000,720000
PETERBOROUGH,291500,410000,333000,287500,307500,296500,340000,315000,450000,419000,550000,632500
PIONEER BAY,235000,197500,235000,200000,220000,240000,216000,271500,308000,310000,355000,319000
PLENTY,900000,730000,770000,773000,750000,915500,935000,1145000,1350000,1301000,1202500,1520000
POINT COOK,435000,445000,435000,450000,445000,465000,505000,590000,630000,640000,667000,710000
POINT LONSDALE,695000,670000,700000,700000,707500,655000,641000,780000,840000,827500,880000,1000000
POREPUNKAH,320000,276000,285000,347000,280000,323000,330000,447000,464500,530000,610000,769500
PORT ALBERT,250000,180000,235000,262500,190000,197500,218500,270000,240000,250000,315000,358000
PORT FAIRY,392000,380000,410000,400000,425000,447500,473500,500000,651000,625000,663000,755000
PORT FRANKLIN,216000,205000,232000,190000,173500,277500,207500,280000,257000,302500,304500,150000
PORT MELBOURNE,1017500,915000,960000,995000,917500,1252500,1380000,1485000,1488000,1400000,1525000,1455000
PORT WELSHPOOL,205000,195000,266000,201500,244000,200000,380000,247500,295000,315000,310000,452500
PORTARLINGTON,380000,425000,389000,390000,414500,409000,460000,515000,640000,625000,680000,752500
PORTLAND,220000,236500,227500,235000,210000,220000,220000,230000,234500,267000,295000,315000
PORTLAND NORTH,115000,215000,226500,300000,248000,330000,340000,360000,367500,276000,507000,589500
PORTSEA,1387500,1625000,1398000,1195000,1305000,1800000,1701000,1925000,2180000,1950000,2515000,2585000
PRAHRAN,940000,955000,932500,990000,1175000,1350000,1430000,1525000,1578000,1520000,1632500,1560000
PRESTON,615000,602000,580000,632500,690000,791000,882000,996000,980000,940000,1026000,1082500
PRINCES HILL,1027500,967500,928500,1216500,1210000,1280000,1555000,1767500,1650000,2035000,1600000,1970000
PYRAMID HILL,122500,91000,100000,112500,117000,112500,112500,112500,100000,120000,117500,121500
QUARRY HILL,295500,292500,300000,385000,355000,377500,349000,362000,407500,395000,430000,470000
QUEENSCLIFF,680000,590000,697500,630000,695000,700000,795000,763000,950000,950000,990000,1655000
RAINBOW,70000,71500,69000,62000,77000,68000,59500,82500,99000,75000,82000,105000
RAYMOND ISLAND,277500,262500,310000,297500,280000,285000,330000,289500,360000,300000,416500,405000
RED CLIFFS,160000,170000,157000,163000,155500,175000,165000,223500,211500,217500,270000,272500
REDAN,230000,227500,237000,250000,245000,247000,255000,287500,330000,357000,386500,426500
RESEARCH,614500,657000,622500,605500,685000,686000,825500,950000,915000,937500,1179000,1067500
RESERVOIR,520000,500000,468500,510000,541000,615000,710000,812500,790000,754000,805000,832500
RHYLL,410000,415000,400000,393000,482000,402000,460000,527500,657500,565000,579000,1132500
RICHMOND,875500,825000,823000,900000,961000,1150000,1265000,1302500,1311000,1260000,1353500,1330000
RIDDELLS CREEK,387500,449000,380000,450000,417500,456500,500000,580000,675000,710000,680000,728500
RINGWOOD,553500,506000,503500,551000,660000,777500,837500,910500,896500,803000,900000,950000
RINGWOOD EAST,530500,520000,490000,547000,612000,750000,806000,901000,881000,809000,861000,955000
RINGWOOD NORTH,580000,569000,564000,631000,662000,783500,844000,960500,920000,871000,957500,1075000
RIPPLESIDE,654000,510000,414000,585000,530000,640000,739000,725000,750000,825000,874000,694000
ROBINVALE,145000,136000,176000,150000,160000,184500,170000,197000,220000,231500,235000,300000
ROCHESTER,155000,185000,210000,189500,215000,235000,239000,242500,236000,255000,237000,270000
ROCKBANK,237000,251000,262000,309000,280000,300000,347000,455000,500000,497000,466000,565000
ROMSEY,350000,360000,367500,387500,396000,420000,428000,470000,550000,580500,632500,714000
ROSANNA,706000,725000,652500,717500,781500,905000,980000,1175000,1100000,1042500,1125000,1356500
ROSEBUD,355000,360000,350000,367000,365000,389000,445000,536000,590000,550000,590000,642500
ROSEBUD SOUTH,419500,460000,450000,425000,500000,514500,545000,647500,711500,697000,782500,820000
ROSEDALE,185000,189000,208500,215000,215000,197000,230000,255000,280000,247000,252000,335000
ROWVILLE,540000,527500,530000,570000,617500,710000,778000,867000,840000,820000,840000,887500
ROXBURGH PARK,371000,360000,355000,365000,385000,400000,435000,515000,546000,543000,574000,569500
RUPANYUP,129000,100000,127000,75000,105000,53500,75000,63500,87000,100500,90000,114500
RUSHWORTH,156500,155000,190000,161000,158000,177000,200000,192500,198000,205000,226000,332500
RUTHERGLEN,175000,207000,235000,232000,195000,230000,255000,262000,270000,282500,350000,365000
RYE,436000,440000,422000,425000,460000,488000,550000,658000,705000,690000,792000,954500
SAFETY BEACH,497500,553000,551000,515000,516500,595000,665000,780000,825000,793500,885000,945000
SAILORS GULLY,213500,265000,257500,253000,262500,235000,225000,232000,290000,280000,275000,294000
SALE,276500,291500,274500,290000,300000,298000,295500,300000,309500,325000,345000,365000
SAN REMO,445000,411000,402500,410000,407000,420000,460000,497000,515000,554500,597500,755000
SANCTUARY LAKES,465000,475000,512500,480000,485000,570000,503000,629000,627500,625000,651000,681000
SANDHURST,460000,504500,510000,545000,549000,617500,678500,730000,837500,812500,780000,860000
SANDRINGHAM,1200000,1202500,1175000,1210000,1305000,1490000,1760000,1870000,1850000,1650000,1831500,1890000
SANDY POINT,338000,375000,355000,352500,380000,370000,359000,407500,410000,410000,515000,760000
SASSAFRAS,507000,497500,397500,632500,556000,562000,653500,775500,750000,805000,770000,825000
SAWMILL SETTLEMENT,221500,199000,207000,259000,205500,233000,350000,270000,285000,441000,400000,540000
SCORESBY,488000,472000,480000,509000,570000,661000,700000,878500,835000,767000,785000,880000
SEA LAKE,62500,112000,65000,80000,75000,95000,75000,70000,110000,100000,106500,155000
SEABROOK,415000,407500,403500,422500,402500,456000,509000,635000,672500,626500,652500,670000
SEAFORD,412500,415000,392500,419000,450000,475000,580500,700000,695000,655000,694000,810000
SEAHOLME,565000,630000,600000,641000,670000,802500,872500,1157500,1015000,1020000,935000,1380000
SEASPRAY,239000,165000,192500,152000,164000,240000,175000,215000,210000,265000,260000,280000
SEBASTOPOL,226000,228000,239000,242000,235500,244500,247500,256000,289500,315000,341000,374000
SEDDON,645500,620500,670000,675000,730000,830000,934500,982500,1018500,960000,1100000,1050000
SELBY,407000,421500,410000,420000,420000,469500,527500,600000,637500,601500,720000,889000
SEVILLE,387500,380000,380000,400000,397500,450000,511500,611500,634500,620000,626000,710000
SEVILLE EAST,342500,364500,342500,339500,350000,395000,440000,482500,551500,580000,600000,545000
SEYMOUR,215000,190000,220000,220000,213000,225000,242500,277000,295000,300000,324000,381000
SHEPPARTON,251000,242500,240000,247000,243000,250000,265000,261000,275000,282000,310000,339500
SHEPPARTON NORTH,360000,330500,284000,346000,375000,348000,361000,347000,334000,393000,379000,362500
SHOREHAM,581000,585000,618000,607000,620000,903000,868500,970000,1160000,1400000,1077000,1850000
SILVERLEAVES,497500,500000,505000,508000,460500,484000,446500,515000,721000,618500,770000,857000
SKENES CREEK,500000,370000,532500,465000,435000,491500,520000,517000,580000,667500,807500,735000
SKIPTON,152000,160000,149000,155000,117500,137000,169000,187500,159500,200000,219500,224500
SKYE,375000,385000,390000,395000,413000,430000,479000,570000,611000,597500,610000,691000
SMITHS BEACH,442500,380000,430000,372500,390000,455000,470000,458500,589000,624500,695000,800000
SMYTHESDALE,210000,259000,207500,260000,207500,225000,250000,315000,290000,342500,475000,
SOLDIERS HILL,265000,278000,292500,283000,341000,310000,374000,423500,447500,480000,560000,425000
SOMERS,615000,615000,692500,657500,755000,696500,755500,820000,888500,950000,960000,1547000
SOMERVILLE,370000,375000,360000,385000,395000,425000,465000,580000,615000,600000,637500,730000
SORRENTO,850000,905000,730000,770000,795000,859000,1130000,1300000,1380000,1470000,1650000,1725000
SOUTH DUDLEY,235500,230000,216500,192000,200500,221500,256000,233500,270000,339000,330000,419500
SOUTH GEELONG,420000,382500,430000,420500,470000,425000,495000,650000,676000,702500,835000,1120000
SOUTH KINGSVILLE,650000,620000,610000,619500,671000,742000,903000,980000,1000000,859000,991000,1080000
SOUTH MELBOURNE,960000,925000,930000,1030000,1200000,1310000,1595000,1532500,1465000,1355000,1580000,1400000
SOUTH MORANG,411000,410000,420000,415000,420000,450000,502000,610500,634000,625500,640000,667000
SOUTH YARRA,1375000,1125000,1238000,1352500,1450000,1700000,1890000,2035000,1851000,1850000,1977500,1500000
SPOTSWOOD,635000,602500,655000,680000,640000,795000,917500,1027500,1080000,950000,1000000,1088500
SPRING GULLY,294000,320000,340000,345000,350000,350000,350000,390000,400000,386500,440000,495000
SPRINGVALE,490000,470000,448000,451500,530000,629500,685000,750000,786000,743000,778000,860000
SPRINGVALE SOUTH,450500,420000,408000,430000,475000,562000,630000,720000,720000,679000,725000,770000
ST ALBANS,385000,387000,348000,350000,373500,428000,500000,610000,626500,591000,600000,630000
ST ALBANS PARK,298000,310000,307500,335000,330000,329000,331000,379000,450000,422000,455000,502500
ST ANDREWS BEACH,495000,550000,714000,480000,495000,560000,695000,855000,902500,930000,1207500,1350000
ST ARNAUD,131000,125000,123000,140000,145000,141000,142500,145000,145000,175000,170000,207500
ST HELENA,562000,570000,550500,612500,623000,711000,800000,893500,910000,905000,930000,972000
ST KILDA,930000,860000,861000,892000,1225000,1164000,1305000,1551000,1755000,1600000,1296500,1380500
ST KILDA EAST,1041000,962500,993000,1050500,1037500,1382500,1677500,1460000,1620000,1560500,1640000,1485000
ST KILDA WEST,1925000,1700000,1262500,1142500,2235000,2013000,1797000,2380000,1942500,2465000,2630000,1560000
ST LEONARDS,350000,389000,363000,350000,357000,375000,421500,469000,571500,562500,570000,650000
STANHOPE,160000,152000,175000,150000,131000,152500,147000,181000,161500,187500,196000,254500
STAWELL,155000,147000,167000,162500,172500,177000,177000,188000,190000,189000,225500,261000
STRATFORD,207500,242500,267500,230000,261500,260500,272500,265000,258000,316500,320000,338000
STRATHDALE,331000,369500,361000,392500,380000,410500,445000,380000,420000,451000,508500,605000
STRATHFIELDSAYE,357000,370000,359000,377000,397500,408000,425000,455000,444000,476500,535000,571500
STRATHMERTON,165000,107500,164500,166000,172500,190000,182500,140000,187500,195000,198000,265000
STRATHMORE,870000,820000,800000,827500,865000,997500,1140000,1230000,1357500,1322500,1346500,1350000
STRATHMORE HEIGHTS,598500,700000,605000,621000,640000,700000,808000,970000,885000,800000,835000,1060000
STRATHTULLOH,,,191000,350000,440000,425000,430000,359000,425000,507500,527500,556000
STUDFIELD,525000,470000,480500,532500,617500,785000,853000,957500,906000,811000,836000,1051000
SUNBURY,343000,360000,350000,355000,360000,370000,395000,492000,545000,533500,570000,625000
SUNDERLAND BAY,315000,280000,265000,324500,333000,287000,360000,357500,455000,413500,525000,695000
SUNNYCLIFFS,120000,70000,200000,195000,294000,185000,220000,228000,218000,229500,230000,330000
SUNSET STRIP,286000,286500,286500,301500,310000,301500,340000,345000,390000,460000,511000,545000
SUNSHINE,458000,430000,400000,435000,483500,530500,675000,765000,735000,720000,755500,770000
SUNSHINE NORTH,425000,420000,395000,400000,425500,495000,560000,651000,663000,638000,655000,800000
SUNSHINE WEST,400000,391500,375000,384500,395000,450000,520000,639500,635000,635000,655500,722500
SURF BEACH,332000,350000,350000,375000,360000,355000,414000,425000,480000,525000,549000,690000
SURREY HILLS,1204000,1212000,1121500,1323000,1450000,1750000,1800500,2170000,1900000,1890000,1844500,1967500
SWAN HILL,230000,225000,225000,225000,230000,248000,262500,252000,267000,285000,319500,347000
SWAN REACH,170000,253000,334000,230000,276000,331000,455000,350000,370000,450000,417500,472500
SYDENHAM,399000,420500,415000,425000,415000,440000,505000,590000,620000,599500,637500,600000
SYNDAL,880500,850000,778000,950500,1160000,1505000,1410000,1585000,1530000,1524500,1570000,1373000
TALLANGATTA,186000,175000,185000,154000,200000,233000,216000,275000,245000,257500,280000,272500
TARNEIT,360000,369000,356000,370000,395000,400000,445000,515000,569500,555000,570000,580000
TATURA,220000,215000,229500,230000,237500,233000,228000,262000,250000,276500,301500,345000
TAWONGA SOUTH,216000,230000,255000,219500,235000,257500,298000,254000,310000,422500,380000,455000
TAYLORS HILL,425000,420000,480000,487500,510000,530000,600000,686000,723000,702000,754000,760000
TAYLORS LAKES,467500,500000,477500,490000,510000,561500,635000,720000,763500,750000,777500,788500
TECOMA,400000,427500,412000,415000,478000,510000,601500,709000,700000,662500,742500,740000
TEMPLESTOWE,805000,804000,811000,865000,951500,1180000,1260000,1415000,1308000,1281500,1371500,1393000
TEMPLESTOWE LOWER,730000,711500,670000,750000,830000,1060000,1105500,1302000,1150000,1080000,1191000,1290000
TERANG,179000,160000,155000,161500,195000,206500,150000,188500,194000,188500,230000,294000
THE BASIN,430000,400000,410000,430000,463500,550000,595000,610000,682500,695000,739000,810000
THE HONEYSUCKLES,177500,236000,215000,214000,190000,160000,237000,265000,290000,336000,315000,444000
THE PATCH,444500,470000,417500,393500,486500,505000,570500,665000,730000,755000,760000,740000
THOMASTOWN,418000,400000,365000,390000,420000,436000,493000,653000,637000,593500,622000,650000
THOMSON (GREATER GEELONG),270000,281500,273500,282000,290000,290000,308500,365000,411000,400500,435000,426000
THORNBURY,720000,690000,715500,729000,840000,918000,1079500,1225000,1137500,1150000,1250000,1300000
THORNHILL PARK,,,,,,,720000,447000,530000,535000,550000,612500
TIMBOON,187000,211500,212500,184000,210000,240000,215000,220000,247000,260000,412500,380000
TONGALA,158500,154000,175000,185000,179000,165000,204000,200000,275000,234500,235000,207000
TOONGABBIE,260000,230000,212500,234000,261500,235000,315000,286500,280500,270000,309500,447500
TOORA,175000,220000,210000,171500,155000,230000,195000,190000,241500,275000,300000,323500
TOORADIN,420000,365000,380000,420000,480000,471000,411000,599000,702000,700000,755000,672500
TOORAK,2590000,2617500,2775000,2875000,3391000,3987500,4900000,5100000,4700000,4550000,5200000,5800000
TOOTGAROOK,370000,373500,390000,387000,402500,405000,460000,591000,600500,586000,675000,748000
TORQUAY,533000,565000,565000,580000,580000,620000,665000,720000,807500,816500,870000,1000000
TRAFALGAR,248500,271500,285000,283000,311000,310000,312500,333500,375000,396500,435000,400000
TRARALGON,257000,270000,260000,269000,275000,273000,268000,288500,298000,326500,340000,368500
TRARALGON EAST,388000,405000,402500,435000,440000,432500,445000,455000,425000,470000,501500,685000
TRAVANCORE,673000,672000,810000,905000,848000,1100000,1305000,1415000,1475000,1125000,1617500,1550000
TRENTHAM,300000,287000,331500,407500,340000,422500,455000,475000,603000,614000,620000,770000
TRUGANINA,345000,357000,341500,360000,390000,391000,430000,519500,574000,575000,580000,600000
TULLAMARINE,440000,420000,393500,395000,412000,472500,530000,655000,665500,612000,628000,700000
TYABB,347000,350500,372500,370500,366000,395000,430000,510500,548000,586500,600000,600000
UPPER FERNTREE GULLY,427500,400000,410000,435000,500000,515000,582000,685000,700000,642500,735000,737000
UPWEY,415000,415000,422500,425000,476000,515000,585000,680000,710000,702500,760500,822500
VENTNOR,380000,365000,363500,370000,377500,423500,420000,465000,490000,540000,619500,655000
VENUS BAY,239000,265500,238500,242500,237000,236000,258000,262500,307500,330000,375000,478000
VERMONT,610000,552500,571000,610000,725000,855000,900000,1065000,980000,937000,1000000,1000000
VERMONT SOUTH,694500,674000,654500,722500,815000,1000000,1082500,1200500,1150000,1165000,1200000,1300000
VIEWBANK,631500,604500,589000,630000,725000,829500,920000,1000000,933000,920000,985000,1099000
VIOLET TOWN,172500,170000,204500,215000,199500,200000,238500,217000,242500,287500,328500,290000
WAHGUNYAH,245000,190000,244000,190000,213500,267000,290000,270000,240000,355000,309500,365000
WALKERVILLE,235000,229500,280000,279000,230000,247000,283500,275000,266500,334500,350000,449000
WALLAN,330000,350000,335000,341500,356500,362000,375000,425000,490000,480000,512500,550000
WALLAN EAST,292500,305000,317000,310000,306000,309500,352500,410000,489000,450000,480000,555000
WANDANA HEIGHTS,540000,592500,557500,540000,582000,590000,592500,645000,700000,766500,827000,925000
WANDIN NORTH,411000,380500,379000,407500,439500,480000,496500,665000,665000,630000,715000,702000
WANGARATTA,241000,240000,240000,240000,255000,272000,270500,270000,320000,319000,350000,383000
WANTIRNA,545000,528000,515000,576000,667500,764000,801000,953000,915000,860000,910500,1020000
WANTIRNA SOUTH,575000,582000,542500,579000,676500,829000,875000,1005000,1000000,988500,1014000,1078000
WARBURTON,300000,315000,300000,310000,315000,325000,366000,418000,495000,512500,543000,590000
WARNEET,332500,295000,284000,337000,355000,395000,390000,485000,534000,512500,600000,580000
WARRACKNABEAL,88000,115000,105000,107500,110000,110000,123500,113000,112500,118000,140000,182500
WARRAGUL,280000,295000,300000,315000,320000,342000,340000,364000,448000,460000,498000,540000
WARRANDYTE,635000,657000,620000,640000,760000,829000,890000,1042500,1110000,994000,992000,1018000
WARRANWOOD,633500,632500,654000,603000,665000,790000,865000,943500,1010000,935000,963500,1050000
WARRNAMBOOL,320000,320000,316500,325000,323000,330000,320000,330000,350000,370000,415000,450000
WATERWAYS,604000,688000,682000,667000,845000,902000,1050000,1127500,1110000,1270000,1397500,1560500
WATSONIA,505000,500000,462000,505000,555000,607500,698000,835000,795000,736000,790000,805000
WATSONIA NORTH,529000,470500,462000,510000,572500,635000,702500,790000,770000,726500,795000,1070000
WATTLE GLEN,490000,569500,527000,475000,500500,569000,580000,620000,810000,778500,810000,826000
WAURN PONDS,435000,421000,452500,446500,470000,480000,501000,530000,621500,641500,671000,718000
WEDDERBURN,140000,123000,122500,154000,137500,110000,150000,155000,130000,138500,150000,155000
WEIR VIEWS,,,407000,327500,388000,389000,418000,440000,470000,465000,497500,530000
WENDOUREE,230000,235000,236500,243000,247000,250000,252500,267500,326000,335000,370000,416500
WENDOUREE WEST,186000,166000,167500,200000,165000,207500,185000,200000,245000,259000,300000,326000
WERRIBEE,308500,315000,300000,309000,315000,335000,403000,470000,510000,505000,523000,531000
WERRIBEE SOUTH,399000,436000,440000,538000,585000,680000,540000,650000,735000,744500,650000,810000
WEST FOOTSCRAY,558500,525000,532500,553000,637500,697000,798000,887500,875000,785000,835000,930000
WEST MELBOURNE,816000,885000,720000,905000,916000,1005000,1104500,1350000,1370000,1017500,1215000,1310000
WEST WODONGA,283000,275000,267500,272500,296000,306000,308500,321000,322000,342500,370000,407000
WESTALL,510000,490000,475500,513500,550000,610000,696000,780000,800000,741000,739000,760000
WESTGARTH,891500,951000,840000,920000,1100000,1300000,1500000,1383000,1707500,1492500,1566000,1725000
WESTMEADOWS,410000,397500,377500,386500,419000,470000,500000,566000,620000,620000,610500,660000
WHEELERS HILL,686500,650000,669000,740000,805000,999000,1050000,1160000,1118500,1010000,1172000,1331000
WHITE HILLS,253500,265000,275000,280000,306000,297500,305000,300000,313500,330000,350000,400000
WHITTINGTON,245000,265000,252000,259000,262000,280000,265000,316500,395000,377500,404000,436000
WHITTLESEA,345000,372500,365000,375000,375000,400000,448500,469500,577500,580000,610000,615000
WILLIAMS LANDING,367500,371000,450000,470000,450000,510000,530000,600000,685000,657000,685000,680000
WILLIAMSTOWN,884000,900000,901000,920000,970000,1120000,1282500,1440000,1415000,1350000,1370000,1402500
WILLIAMSTOWN NORTH,680000,839000,680000,768000,803500,862500,1135500,1024000,860000,950000,897500,1300000
WIMBLEDON HEIGHTS,299000,259000,290000,271500,310000,291500,299000,334000,410000,386500,435000,505000
WINCHELSEA,235000,260000,268500,287000,287500,262000,267000,357000,391000,430000,480000,517000
WINDSOR,900000,824000,818000,835000,956500,1094000,1505000,1420000,1422500,1350000,1350000,1805000
WINTER VALLEY,325000,329000,353500,344500,360000,365000,362500,375000,405000,435000,470000,525000
WODONGA,262000,279500,255500,282500,295000,295000,315000,341500,350000,331000,348000,395000
WOLLERT,425000,450000,410000,400000,395000,432000,460000,520500,550000,575000,583000,592000
WONGA PARK,620000,672500,622500,674500,673500,735000,801000,962500,1150000,1111000,1075000,888000
WONTHAGGI,275000,261500,229000,225000,251000,262000,265000,289000,339000,375000,390000,489000
WOODEND,480000,475000,430000,470000,460000,482500,460000,560000,665000,747500,752500,726500
WOOLAMAI WATERS,340000,350000,350000,349000,381500,340000,375000,418000,469500,495500,565000,625000
WOORI YALLOCK,300000,312000,315000,330000,317000,358000,391500,480000,520000,510000,552000,550000
WURRUK,175500,216500,235000,285000,222000,230000,259500,235000,310000,210000,267000,405000
WY YUNG,289000,288500,325000,285000,285000,290000,333500,328000,315000,349500,369500,639000
WYCHEPROOF,86000,86000,96500,95000,103000,100000,82500,100000,124500,141500,131000,205000
WYNDHAM VALE,296000,290000,286500,288000,306000,325000,365000,435500,480000,465000,485000,515000
YACKANDANDAH,289500,290000,272500,327500,318000,300000,392500,446000,472500,497500,440000,712500
YALLAMBIE,507000,506000,471000,532500,580000,665000,713500,781000,810000,792500,832500,900000
YALLOURN NORTH,145000,139000,161000,135000,149500,153000,165500,180000,172000,191000,205500,224000
YARRA GLEN,415000,425000,395000,420000,460000,530000,540000,620000,670000,670000,724000,650000
YARRA JUNCTION,352500,365000,397000,406500,357500,417500,422500,535000,562500,582500,595000,601500
YARRAGON,206000,255000,266000,258000,297000,284000,300000,280000,390000,410000,414000,447500
YARRAM,166000,195500,215000,190000,202500,245000,230000,225000,218000,240000,260000,343000
YARRAVILLE,647000,607000,613000,696000,710000,810000,900500,1000000,1045000,974000,1038500,1017500
YARRAWONGA,297000,270000,300000,302500,297000,300500,320000,324500,345000,375000,451000,539500
YEA,240000,270000,255000,260000,255000,260000,305000,386500,392500,441000,422500,515000
YINNAR,280500,208000,221500,220000,240000,182500,230000,270000,245000,255000,292500,465000