{
  "$schema": "https://vega.github.io/schema/vega-lite/v5.json",
  "width": "container",
  "height": "container",
  "title": "Number of Railway Stations in Melbourne",
  "view": {"stroke": "transparent"},
  "layer": [
    
    {
      "data": {
        "url": "https://raw.githubusercontent.com/aesk0002/aesk0002.github.io/main/data5.2/vic_lga.json",
        "format": {"type": "topojson", "feature": "vic_lga"}
      },
      "mark": {"type": "geoshape", "fill": "lightgray", "stroke": "white"},
      "projection": {"type": "mercator"}
    },
    {
      "data": {
        "url": "https://raw.githubusercontent.com/aesk0002/aesk0002.github.io/main/data5.2/pv_2.csv"
      },
      "mark": {"type": "point"},
      
      
      "encoding": {
        "longitude": {"field": "lng_2", "type": "quantitative"},
        "latitude": {"field": "lat_2", "type": "quantitative"},
        "color": {"value": "red"},
        "tooltip": [
          {"field": "lng_2", "type": "quantitative"},
          {"field": "lat_2", "type": "quantitative"},
          {"field": "stop_name", "type": "nominal"}
        ]
      }
    }
  ],
  "config": {}
}
